messages,output
"[{""role"": ""user"", ""content"": ""create an agent""}]","{""tool"": ""transfer_to_agentconfigurationhelper"", ""response"": ""I'll connect you with the **Agent Configuration Helper** to create your new agent.""}"
"[{""role"": ""user"", ""content"": ""create an agent""}, {""role"": ""assistant"", ""content"": ""I'll connect you with the **Agent Configuration Helper** to create your new agent."", ""tool_used"": ""transfer_to_agentconfigurationhelper""}, {""role"": ""assistant"", ""content"": ""I'll help you create a new agent. To get started, I need a few details:\n\n**What should we call this agent?** (e.g., 'Trading Assistant', 'Code Reviewer')"", ""agent"": ""agentConfigurationHelper"", ""tool_used"": ""transfer_back_to_supervisor""}]","{""tool"": ""message_ask_user"", ""response"": ""The Agent Configuration Helper needs some information to create your agent.\n\n**What should we call this agent?**\n\n(Examples: 'Trading Assistant', 'Code Reviewer', 'Data Analyzer')""}"
"[{""role"": ""user"", ""content"": ""create an agent""}, {""role"": ""assistant"", ""content"": ""I'll connect you with the **Agent Configuration Helper** to create your new agent."", ""tool_used"": ""transfer_to_agentconfigurationhelper""}, {""role"": ""assistant"", ""content"": ""I'll help you create a new agent. To get started, I need a few details:\n\n**What should we call this agent?** (e.g., 'Trading Assistant', 'Code Reviewer')"", ""agent"": ""agentConfigurationHelper"", ""tool_used"": ""transfer_back_to_supervisor""}, {""role"": ""assistant"", ""content"": ""The Agent Configuration Helper needs some information to create your agent.\n\n**What should we call this agent?**\n\n(Examples: 'Trading Assistant', 'Code Reviewer', 'Data Analyzer')"", ""tool_used"": ""message_ask_user""}, {""role"": ""user"", ""content"": ""Trading Bot""}]","{""tool"": ""transfer_to_agentconfigurationhelper"", ""response"": ""Perfect! Connecting you back to the Agent Configuration Helper with the name **Trading Bot**.""}"
"[{""role"": ""user"", ""content"": ""create an agent""}, {""role"": ""assistant"", ""content"": ""I'll connect you with the **Agent Configuration Helper** to create your new agent."", ""tool_used"": ""transfer_to_agentconfigurationhelper""}, {""role"": ""assistant"", ""content"": ""I'll help you create a new agent. To get started, I need a few details:\n\n**What should we call this agent?** (e.g., 'Trading Assistant', 'Code Reviewer')"", ""agent"": ""agentConfigurationHelper"", ""tool_used"": ""transfer_back_to_supervisor""}, {""role"": ""assistant"", ""content"": ""The Agent Configuration Helper needs some information to create your agent.\n\n**What should we call this agent?**\n\n(Examples: 'Trading Assistant', 'Code Reviewer', 'Data Analyzer')"", ""tool_used"": ""message_ask_user""}, {""role"": ""user"", ""content"": ""Trading Bot""}, {""role"": ""assistant"", ""content"": ""Perfect! Connecting you back to the Agent Configuration Helper with the name **Trading Bot**."", ""tool_used"": ""transfer_to_agentconfigurationhelper""}, {""role"": ""assistant"", ""content"": ""Great! **Trading Bot** it is.\n\n**What group should it be in?** (e.g., 'trading', 'analytics', 'utility')"", ""agent"": ""agentConfigurationHelper"", ""tool_used"": ""transfer_back_to_supervisor""}]","{""tool"": ""message_ask_user"", ""response"": ""**What group should the Trading Bot be in?**\n\n(Examples: 'trading', 'analytics', 'utility', 'blockchain')""}"
"[{""role"": ""user"", ""content"": ""Can you create an basic agent for me generate all the field""}, {""role"": ""assistant"", ""content"": ""I'll connect you with the **Agent Configuration Helper** to create your new agent. They'll help generate all the necessary fields."", ""tool_used"": ""transfer_to_agentconfigurationhelper""}, {""role"": ""assistant"", ""content"": ""I'll help you create a new agent. To get started, I need a few details:\n\n**Name**: What should we call this agent? (e.g., 'Data Generator', 'Field Creator')\n**Group**: What category? (e.g., 'utility', 'development', 'data-management')\n**Description**: What will it do?"", ""agent"": ""agentConfigurationHelper"", ""tool_used"": ""transfer_back_to_supervisor""}, {""role"": ""assistant"", ""content"": ""The Agent Configuration Helper needs some details to create your agent.\n\n**What should we call this agent?**\n\n(Examples: 'Data Generator', 'Field Creator', 'Auto Agent')"", ""tool_used"": ""message_ask_user""}, {""role"": ""user"", ""content"": ""Don't care generate it""}]","{""tool"": ""transfer_to_agentconfigurationhelper"", ""response"": ""Got it! I'll let the Agent Configuration Helper proceed with default values.""}"
"[{""role"": ""user"", ""content"": ""Can you create an basic agent for me generate all the field""}, {""role"": ""assistant"", ""content"": ""I'll connect you with the **Agent Configuration Helper** to create your new agent. They'll help generate all the necessary fields."", ""tool_used"": ""transfer_to_agentconfigurationhelper""}, {""role"": ""assistant"", ""content"": ""I'll help you create a new agent. To get started, I need a few details:\n\n**Name**: What should we call this agent?\n**Group**: What category?\n**Description**: What will it do?"", ""agent"": ""agentConfigurationHelper"", ""tool_used"": ""transfer_back_to_supervisor""}, {""role"": ""assistant"", ""content"": ""The Agent Configuration Helper needs some details to create your agent.\n\n**What should we call this agent?**"", ""tool_used"": ""message_ask_user""}, {""role"": ""user"", ""content"": ""Don't care generate it""}, {""role"": ""assistant"", ""content"": ""Got it! I'll let the Agent Configuration Helper proceed with default values."", ""tool_used"": ""transfer_to_agentconfigurationhelper""}, {""role"": ""assistant"", ""content"": ""✅ The **Field Generator** agent has been created successfully in the \`utility\` group.\n\nThe agent is now active and ready to use. Would you like to configure additional settings like memory or model parameters?"", ""agent"": ""agentConfigurationHelper"", ""tool_used"": ""transfer_back_to_supervisor""}]","{""response"": ""Your **Field Generator** agent has been created successfully and is now active.\n\n**Next steps:** Would you like to configure additional settings, or is there anything else I can help with?""}"
"[{""role"": ""user"", ""content"": ""Create an agent and add GitHub MCP to it""}]","{""tool"": ""transfer_to_agentconfigurationhelper"", ""response"": ""I'll help you set this up in two steps. First, I'll connect you with the **Agent Configuration Helper** to create your agent, then we'll add the GitHub MCP integration.""}"
"[{""role"": ""user"", ""content"": ""Create an agent and add GitHub MCP to it""}, {""role"": ""assistant"", ""content"": ""I'll help you set this up in two steps. First, I'll connect you with the **Agent Configuration Helper** to create your agent, then we'll add the GitHub MCP integration."", ""tool_used"": ""transfer_to_agentconfigurationhelper""}, {""role"": ""assistant"", ""content"": ""I'll help you create a new agent. What should we call this agent?"", ""agent"": ""agentConfigurationHelper"", ""tool_used"": ""transfer_back_to_supervisor""}, {""role"": ""assistant"", ""content"": ""The Agent Configuration Helper needs the agent name.\n\n**What should we call this agent?**"", ""tool_used"": ""message_ask_user""}, {""role"": ""user"", ""content"": ""GitHub Assistant""}, {""role"": ""assistant"", ""content"": ""Perfect! Connecting you back to the Agent Configuration Helper."", ""tool_used"": ""transfer_to_agentconfigurationhelper""}, {""role"": ""assistant"", ""content"": ""Great! **GitHub Assistant** it is. What group should it be in? (e.g., 'development', 'devops', 'utility')"", ""agent"": ""agentConfigurationHelper"", ""tool_used"": ""transfer_back_to_supervisor""}, {""role"": ""assistant"", ""content"": ""**What group should the GitHub Assistant be in?**\n\n(Examples: 'development', 'devops', 'utility')"", ""tool_used"": ""message_ask_user""}, {""role"": ""user"", ""content"": ""development""}, {""role"": ""assistant"", ""content"": ""Excellent! Sending that back to the Agent Configuration Helper."", ""tool_used"": ""transfer_to_agentconfigurationhelper""}, {""role"": ""assistant"", ""content"": ""✅ The **GitHub Assistant** agent has been created successfully in the \`development\` group. The agent is now active and ready to use."", ""agent"": ""agentConfigurationHelper"", ""tool_used"": ""transfer_back_to_supervisor""}]","{""tool"": ""transfer_to_mcpconfigurationhelper"", ""response"": ""Great! The **GitHub Assistant** agent is now created.\n\n**Next step:** I'll connect you with the **MCP Configuration Helper** to add the GitHub MCP integration to your agent.""}"
"[{""role"": ""user"", ""content"": ""delete the test agent""}, {""role"": ""assistant"", ""content"": ""⚠️ **Warning**: Deleting an agent is permanent and cannot be undone.\n\nAre you sure you want to delete the **test agent**?"", ""tool_used"": ""message_ask_user""}, {""role"": ""user"", ""content"": ""yes""}]","{""tool"": ""transfer_to_agentconfigurationhelper"", ""response"": ""Understood. I'll connect you with the **Agent Configuration Helper** to delete the test agent.""}"
"[{""role"": ""user"", ""content"": ""delete the test agent""}, {""role"": ""assistant"", ""content"": ""⚠️ **Warning**: Deleting an agent is permanent and cannot be undone.\n\nAre you sure you want to delete the **test agent**?"", ""tool_used"": ""message_ask_user""}, {""role"": ""user"", ""content"": ""yes""}, {""role"": ""assistant"", ""content"": ""Understood. I'll connect you with the **Agent Configuration Helper** to delete the test agent."", ""tool_used"": ""transfer_to_agentconfigurationhelper""}, {""role"": ""assistant"", ""content"": ""✅ The \`test agent\` has been permanently deleted."", ""agent"": ""agentConfigurationHelper"", ""tool_used"": ""transfer_back_to_supervisor""}]","{""response"": ""The **test agent** has been successfully deleted.""}"
"[{""role"": ""user"", ""content"": ""Update my trading agent temperature to 0.8 and then add Slack MCP""}, {""role"": ""assistant"", ""content"": ""I'll help you with both tasks. First, I'll connect you with the **Agent Configuration Helper** to update the temperature, then we'll add the Slack MCP integration."", ""tool_used"": ""transfer_to_agentconfigurationhelper""}, {""role"": ""assistant"", ""content"": ""✅ The \`Trading Agent\` now has a temperature of **0.8**. The change is active immediately."", ""agent"": ""agentConfigurationHelper"", ""tool_used"": ""transfer_back_to_supervisor""}]","{""tool"": ""transfer_to_mcpconfigurationhelper"", ""response"": ""Perfect! The Trading Agent's temperature has been updated to **0.8**.\n\n**Next step:** I'll connect you with the **MCP Configuration Helper** to add the Slack MCP integration.""}"
"[{""role"": ""user"", ""content"": ""show me all agents in the blockchain group""}, {""role"": ""assistant"", ""content"": ""I'll connect you with the **Agent Configuration Helper** to show you all agents in the blockchain group."", ""tool_used"": ""transfer_to_agentconfigurationhelper""}, {""role"": ""assistant"", ""content"": ""Found **3 agents** in the \`blockchain\` group:\n\n1. **Ethereum Analyzer** - Analyzes Ethereum blockchain transactions\n2. **Bitcoin Monitor** - Monitors Bitcoin network activity\n3. **DeFi Assistant** - Helps with DeFi protocol interactions\n\nWould you like to see details for any of these?"", ""agent"": ""agentConfigurationHelper"", ""tool_used"": ""transfer_back_to_supervisor""}]","{""response"": ""Here are your blockchain agents:\n\n1. **Ethereum Analyzer** - Analyzes Ethereum blockchain transactions\n2. **Bitcoin Monitor** - Monitors Bitcoin network activity\n3. **DeFi Assistant** - Helps with DeFi protocol interactions\n\nWould you like to view details or make changes to any of these?""}"
"[{""role"": ""user"", ""content"": ""show me the ethereum analyzer details""}, {""role"": ""assistant"", ""content"": ""I'll connect you with the **Agent Configuration Helper** to retrieve the Ethereum Analyzer configuration."", ""tool_used"": ""transfer_to_agentconfigurationhelper""}, {""role"": ""assistant"", ""content"": ""Here's the current configuration for **Ethereum Analyzer**:\n\n### Profile\n- **Group**: blockchain\n- **Description**: Analyzes Ethereum blockchain transactions\n\n### Model Settings\n- **Provider**: anthropic\n- **Model**: claude-sonnet-4\n- **Temperature**: 0.7\n- **Max Tokens**: 4000\n\n### Memory\n- **LTM Enabled**: Yes\n- **Strategy**: holistic\n\nWould you like to modify any of these settings?"", ""agent"": ""agentConfigurationHelper"", ""tool_used"": ""transfer_back_to_supervisor""}]","{""tool"": ""message_ask_user"", ""response"": ""Here are the current settings for **Ethereum Analyzer**:\n\n**Profile:**\n- Group: blockchain\n- Description: Analyzes Ethereum blockchain transactions\n\n**Model:** claude-sonnet-4 (temperature: 0.7, max tokens: 4000)\n**Memory:** LTM enabled with holistic strategy\n\nWould you like to modify any of these settings?""}"
"[{""role"": ""user"", ""content"": ""I want to update something""}, {""role"": ""assistant"", ""content"": ""I can help! Are you looking to:\n\n- **Update an agent** (settings, parameters)\n- **Update MCP servers** (integrations)\n- Something else?\n\nWhich one?"", ""tool_used"": ""message_ask_user""}, {""role"": ""user"", ""content"": ""update an agent""}]","{""tool"": ""message_ask_user"", ""response"": ""Which agent would you like to update?\n\nYou can provide the agent name or tell me what you'd like to change.""}"
"[{""role"": ""user"", ""content"": ""I want to update something""}, {""role"": ""assistant"", ""content"": ""I can help! Are you looking to:\n\n- **Update an agent** (settings, parameters)\n- **Update MCP servers** (integrations)\n- Something else?\n\nWhich one?"", ""tool_used"": ""message_ask_user""}, {""role"": ""user"", ""content"": ""update an agent""}, {""role"": ""assistant"", ""content"": ""Which agent would you like to update?\n\nYou can provide the agent name or tell me what you'd like to change."", ""tool_used"": ""message_ask_user""}, {""role"": ""user"", ""content"": ""the trading one, change temperature to 0.9""}]","{""tool"": ""transfer_to_agentconfigurationhelper"", ""response"": ""I'll connect you with the **Agent Configuration Helper** to update the Trading Agent's temperature to **0.9**.""}"
"[{""role"": ""user"", ""content"": ""Setup GitHub MCP and configure my dev agent to use it""}, {""role"": ""assistant"", ""content"": ""I'll help you set this up in two steps. First, I'll connect you with the **MCP Configuration Helper** to add the GitHub MCP server. Once that's complete, we'll configure your dev agent to use it."", ""tool_used"": ""transfer_to_mcpconfigurationhelper""}, {""role"": ""assistant"", ""content"": ""✅ GitHub MCP server has been configured successfully and is ready to use."", ""agent"": ""mcpConfigurationHelper"", ""tool_used"": ""transfer_back_to_supervisor""}]","{""tool"": ""transfer_to_agentconfigurationhelper"", ""response"": ""Great! The GitHub MCP server is now configured.\n\n**Next step:** I'll connect you with the **Agent Configuration Helper** to enable it for your dev agent.""}"
"[{""role"": ""user"", ""content"": ""What features does Snak have?""}, {""role"": ""assistant"", ""content"": ""I'll connect you with the **Snak RAG Agent Helper** who can provide detailed information about Snak's features and capabilities."", ""tool_used"": ""transfer_to_snakragagenthelper""}, {""role"": ""assistant"", ""content"": ""Snak offers several powerful features:\n\n- **Multi-Agent System**: Specialized agents for different tasks\n- **MCP Integration**: Connect external tools and services\n- **RAG Capabilities**: Knowledge retrieval and documentation\n- **Memory Management**: Long-term and short-term memory\n- **Flexible Configuration**: Customizable agent parameters\n\nWould you like to learn more about any specific feature?"", ""agent"": ""snakRagAgentHelper"", ""tool_used"": ""transfer_back_to_supervisor""}]","{""response"": ""Snak offers several powerful features:\n\n- **Multi-Agent System**: Specialized agents for different tasks\n- **MCP Integration**: Connect external tools and services\n- **RAG Capabilities**: Knowledge retrieval and documentation\n- **Memory Management**: Long-term and short-term memory\n- **Flexible Configuration**: Customizable agent parameters\n\nWould you like to learn more about any specific feature or get started with something?""}"